<?xml version="1.0" encoding="UTF-8"?>
<jobs xmlns="http://www.demandware.com/xml/impex/jobs/2015-07-01">
    <job job-id="AlgoliaProductsIndex" priority="0">
        <description>Export products to Algolia service for update search index files</description>
        <parameters/>
        <flow>
            <context site-id="RefArch"/>
            <step step-id="calculateProductsDelta" type="ExecuteScriptModule" enforce-restart="false">
                <description/>
                <parameters>
                    <parameter name="ExecuteScriptModule.Module">int_algolia/cartridge/scripts/algolia/job/productsIndexJob.js</parameter>
                    <parameter name="ExecuteScriptModule.FunctionName">execute</parameter>
                    <parameter name="ExecuteScriptModule.Transactional">false</parameter>
                    <parameter name="clearAndRebuild">false</parameter>
                </parameters>
            </step>
            <step step-id="sendProductsDelta" type="ExecuteScriptModule" enforce-restart="false">
                <description/>
                <parameters>
                    <parameter name="ExecuteScriptModule.Module">int_algolia/cartridge/scripts/algolia/job/sendProductsDelta.js</parameter>
                    <parameter name="ExecuteScriptModule.FunctionName">execute</parameter>
                    <parameter name="ExecuteScriptModule.Transactional">false</parameter>
                </parameters>
            </step>
        </flow>
        <rules/>
        <triggers>
            <run-once enabled="false">
                <date>2020-04-03Z</date>
                <time>11:58:28.000Z</time>
            </run-once>
        </triggers>
    </job>

    <job job-id="AlgoliaCategoriesIndex" priority="0">
        <description>Export categories to Algolia service for update search index files</description>
        <parameters/>
        <flow>
            <context site-id="RefArch"/>
            <step step-id="calculateСategoriesDelta" type="ExecuteScriptModule" enforce-restart="false">
                <description/>
                <parameters>
                    <parameter name="ExecuteScriptModule.Module">int_algolia/cartridge/scripts/algolia/job/categoryIndexJob.js</parameter>
                    <parameter name="ExecuteScriptModule.FunctionName">execute</parameter>
                    <parameter name="ExecuteScriptModule.Transactional">false</parameter>
                    <parameter name="clearAndRebuild">false</parameter>
                </parameters>
            </step>
            <step step-id="sendCategoriesDelta" type="ExecuteScriptModule" enforce-restart="false">
                <description/>
                <parameters>
                    <parameter name="ExecuteScriptModule.Module">int_algolia/cartridge/scripts/algolia/job/sendCategoriesDelta.js</parameter>
                    <parameter name="ExecuteScriptModule.FunctionName">execute</parameter>
                    <parameter name="ExecuteScriptModule.Transactional">false</parameter>
                </parameters>
            </step>
        </flow>
        <rules/>
        <triggers>
            <run-once enabled="false">
                <date>2020-04-15Z</date>
                <time>07:48:46.000Z</time>
            </run-once>
        </triggers>
    </job>

    <job job-id="AlgoliaProductsIngestion" priority="0">
        <description>Export products to Algolia Ingestion service to update the search index</description>
        <parameters/>
        <flow>
            <context site-id="RefArch"/>
            <step step-id="sendProducts" type="ExecuteScriptModule" enforce-restart="false">
                <description/>
                <parameters>
                    <parameter name="ExecuteScriptModule.Module">int_algolia/cartridge/scripts/algolia/job/productsIngestionJob.js</parameter>
                    <parameter name="ExecuteScriptModule.FunctionName">execute</parameter>
                    <parameter name="ExecuteScriptModule.Transactional">false</parameter>
                </parameters>
            </step>
        </flow>
        <rules/>
        <triggers>
        </triggers>
    </job>

    <job job-id="AlgoliaProductsIngestionChunks" priority="0">
        <description>Sends products to Algolia Ingestion service.</description>
        <parameters/>
        <flow>
            <context site-id="RefArch"/>
            <step step-id="algoliaIngestProducts" type="custom.algoliaIngestProducts" enforce-restart="false">
                <description/>
                <parameters>
                    <parameter name="locale">en_US</parameter>
                </parameters>
            </step>
        </flow>
        <rules/>
        <triggers/>
    </job>
</jobs>
